<?xml version="1.0" encoding="utf-8"?>
<productAdditionalComps>
   <dependsOn>
      <component>
         <name>corealign</name>
         <locale/>
         <platformList>
            <platform>maca64</platform>
         </platformList>
         <version>1.0</version>
      </component>
   </dependsOn>
   <isControllingProduct>true</isControllingProduct>
   <platform>maca64</platform>
   <productName>corealign</productName>
   <productNumber>5000</productNumber>
   <productBaseCode>corealign</productBaseCode>
   <productVersion>1.0</productVersion>
   <releaseFamily>R2024b</releaseFamily>
   <releaseDescription>R2024b</releaseDescription>
</productAdditionalComps>